group,group_definition,node_windows,node_window_ratio,valid_values,MAE,RMSE,bias,MAE@h1,RMSE@h1,bias@h1,valid@h1,MAE@h3,RMSE@h3,bias@h3,valid@h3,MAE@h6,RMSE@h6,bias@h6,valid@h6,MAE@h12,RMSE@h12,bias@h12,valid@h12,county,model,result_dir,STID_MAE,STID_RMSE,STID_bias,STID_MAE@h1,STID_MAE@h3,STID_MAE@h6,STID_MAE@h12,delta_vs_STID_MAE,delta_vs_STID_RMSE,delta_vs_STID_bias,delta_vs_STID_MAE@h1,delta_vs_STID_MAE@h3,delta_vs_STID_MAE@h6,delta_vs_STID_MAE@h12
all,all test node-windows,9173780,1.0,89889106,11.049267955785432,21.48594535417715,-1.0644327934379363,9.318979452366143,17.153934228303303,-0.4674889700350302,7490607,10.230416681407275,19.54921126931046,-0.7377016289724967,7490645,11.067822653800096,21.523154564672858,-1.0427464849157726,7490730,12.299171235067483,24.08945033920608,-1.5275973516820078,7490951,LosAngeles,STID,BasicTS/checkpoints/STID/TraffiDent_LosAngeles_2023Q1_100_12_12_pure/cea61eeacc9895585b9d57ce73a666f5/test_results,11.049267955785432,21.48594535417715,-1.0644327934379363,9.318979452366143,10.230416681407275,11.067822653800096,12.299171235067483,0.0,0.0,0.0,0.0,0.0,0.0,0.0
no_event,no accident in history or future window,9107737,0.9928008955959267,89246826,11.04172850359967,21.47784184758584,-1.0667907015442837,9.313368984878494,17.14813800526328,-0.4686324475475024,7437090,10.223698993017322,19.541648485087403,-0.7396668703179429,7437119,11.060307686523355,21.51557026129841,-1.0454783890520063,7437192,12.29045443709603,24.079117487569714,-1.530472797778605,7437432,LosAngeles,STID,BasicTS/checkpoints/STID/TraffiDent_LosAngeles_2023Q1_100_12_12_pure/cea61eeacc9895585b9d57ce73a666f5/test_results,11.04172850359967,21.47784184758584,-1.0667907015442837,9.313368984878494,10.223698993017322,11.060307686523355,12.29045443709603,0.0,0.0,0.0,0.0,0.0,0.0,0.0
future_onset,"history has no accident, future has accident",31254,0.0034068835311071334,304355,11.944425233665251,21.36307277889088,-0.716091122804062,9.972278340978553,16.972730505951297,-0.23463854815313664,25352,11.041428303398094,19.165125422492718,-0.40259052041886173,25369,11.942871200770153,21.023014468400394,-0.5798650687691299,25379,13.33990681982189,24.277257351655415,-1.1855630022218981,25363,LosAngeles,STID,BasicTS/checkpoints/STID/TraffiDent_LosAngeles_2023Q1_100_12_12_pure/cea61eeacc9895585b9d57ce73a666f5/test_results,11.944425233665251,21.36307277889088,-0.716091122804062,9.972278340978553,11.041428303398094,11.942871200770153,13.33990681982189,0.0,0.0,0.0,0.0,0.0,0.0,0.0
history_only,"history has accident, future has no accident",31217,0.0034028502972602353,303953,12.201169025181319,23.49407061794395,-0.7025998249485622,10.184217613235583,18.76222403329642,-0.33559821055885497,25319,11.30282738528495,21.93870970598161,-0.48949149253337876,25324,12.215338948117987,23.367722399424515,-0.673553483962561,25334,13.561667050057443,25.945895436641592,-1.0173554118989967,25338,LosAngeles,STID,BasicTS/checkpoints/STID/TraffiDent_LosAngeles_2023Q1_100_12_12_pure/cea61eeacc9895585b9d57ce73a666f5/test_results,12.201169025181319,23.49407061794395,-0.7025998249485622,10.184217613235583,11.30282738528495,12.215338948117987,13.561667050057443,0.0,0.0,0.0,0.0,0.0,0.0,0.0
ongoing,history has accident and future has accident,3572,0.0003893705757059794,33972,12.530462165526194,24.805434855464505,-1.227984718112548,10.462753219497262,18.841878703598486,-0.7268834640170517,2846,11.01692988634362,20.131025320568664,-0.7982142644007636,2833,12.700081877581841,27.76987928173658,-1.3198353522646744,2825,14.58627129007181,31.256347745615972,-1.6048149544774766,2818,LosAngeles,STID,BasicTS/checkpoints/STID/TraffiDent_LosAngeles_2023Q1_100_12_12_pure/cea61eeacc9895585b9d57ce73a666f5/test_results,12.530462165526194,24.805434855464505,-1.227984718112548,10.462753219497262,11.01692988634362,12.700081877581841,14.58627129007181,0.0,0.0,0.0,0.0,0.0,0.0,0.0
post_last_slot,last history slot has accident,5628,0.0006134875700093092,54506,12.162037107251882,23.66364823137763,-1.01242319131621,10.358096818530424,18.27522683864241,-0.5134153089782876,4556,11.167961712526754,22.705045992059837,-0.8726655086915031,4537,12.102622828680031,25.01466920667739,-1.0797102264854765,4539,13.890064162165649,28.746943642263222,-1.3306642459215388,4538,LosAngeles,STID,BasicTS/checkpoints/STID/TraffiDent_LosAngeles_2023Q1_100_12_12_pure/cea61eeacc9895585b9d57ce73a666f5/test_results,12.162037107251882,23.66364823137763,-1.01242319131621,10.358096818530424,11.167961712526754,12.102622828680031,13.890064162165649,0.0,0.0,0.0,0.0,0.0,0.0,0.0
future_any,future window has accident,34826,0.003796254106813113,338327,12.003270324168168,21.73336568931792,-0.767491243166109,10.021781559370622,17.170616305635555,-0.28432038933074644,28198,11.03896742608985,19.264342106690375,-0.4423324463764967,28202,12.01871585480762,21.793135084095244,-0.6539827693592418,28204,13.464538791884312,25.062746397900924,-1.2274866886192384,28181,LosAngeles,STID,BasicTS/checkpoints/STID/TraffiDent_LosAngeles_2023Q1_100_12_12_pure/cea61eeacc9895585b9d57ce73a666f5/test_results,12.003270324168168,21.73336568931792,-0.767491243166109,10.021781559370622,11.03896742608985,12.01871585480762,13.464538791884312,0.0,0.0,0.0,0.0,0.0,0.0,0.0
history_any,history window has accident,34789,0.0037922208729662147,337925,12.23427326468521,23.62919408163032,-0.7554173551428077,10.212362967785227,18.770288321401075,-0.37513655898373355,28165,11.274061902957946,21.76362516954665,-0.5205534466136758,28157,12.263969854619498,23.846064241853032,-0.7383905001173321,28159,13.664214992509645,26.525315607981344,-1.0761512957406427,28156,LosAngeles,STID,BasicTS/checkpoints/STID/TraffiDent_LosAngeles_2023Q1_100_12_12_pure/cea61eeacc9895585b9d57ce73a666f5/test_results,12.23427326468521,23.62919408163032,-0.7554173551428077,10.212362967785227,11.274061902957946,12.263969854619498,13.664214992509645,0.0,0.0,0.0,0.0,0.0,0.0,0.0
all,all test node-windows,9173780,1.0,89889106,11.101373368870751,21.675179613873766,-0.7304307620036431,9.349109528940712,17.20968220123259,-0.4460087995520694,7490607,10.266948673979343,19.66186255364966,-0.40308595155398835,7490645,11.109710869301123,21.699115368770798,-0.738627098888497,7490730,12.390173982916188,24.370169217526183,-1.039205236286726,7490951,LosAngeles,STIDAccident,BasicTS/checkpoints/STIDAccident/TraffiDent_LosAngeles_2023Q1_100_12_12_accident/0810f65f1c81ea6c197470f18383ecc0/test_results,11.049267955785432,21.48594535417715,-1.0644327934379363,9.318979452366143,10.230416681407275,11.067822653800096,12.299171235067483,0.052105413085319796,0.18923425969661523,0.3340020314342932,0.030130076574568676,0.036531992572067296,0.04188821550102695,0.09100274784870521
no_event,no accident in history or future window,9107737,0.9928008955959267,89246826,11.093727305215314,21.667227346966634,-0.7324266761598894,9.343462496756123,17.203632052053322,-0.44703184519103006,7437090,10.259995117060786,19.65372513438257,-0.4049093549048529,7437119,11.102064340109816,21.69154718736595,-0.7405351133108531,7437192,12.381506916634667,24.36064745313311,-1.0418339298326158,7437432,LosAngeles,STIDAccident,BasicTS/checkpoints/STIDAccident/TraffiDent_LosAngeles_2023Q1_100_12_12_accident/0810f65f1c81ea6c197470f18383ecc0/test_results,11.04172850359967,21.47784184758584,-1.0667907015442837,9.313368984878494,10.223698993017322,11.060307686523355,12.29045443709603,0.0519988016156443,0.1893854993807942,0.33436402538439425,0.030093511877629098,0.03629612404346361,0.04175665358646086,0.0910524795386376
future_onset,"history has no accident, future has accident",31254,0.0034068835311071334,304355,11.970786060858979,21.398200861637815,-0.28412744629539954,9.992888964324692,17.00734331989412,-0.20105044237632186,25352,11.086664692661705,19.248597208730157,-0.02255024553411952,25369,11.983799421569783,21.123442029902723,-0.20118751993340528,25379,13.35947566120208,24.258062679937176,-0.5146122802221799,25363,LosAngeles,STIDAccident,BasicTS/checkpoints/STIDAccident/TraffiDent_LosAngeles_2023Q1_100_12_12_accident/0810f65f1c81ea6c197470f18383ecc0/test_results,11.944425233665251,21.36307277889088,-0.716091122804062,9.972278340978553,11.041428303398094,11.942871200770153,13.33990681982189,0.026360827193727232,0.03512808274693313,0.4319636765086624,0.020610623346138723,0.04523638926361073,0.04092822079963021,0.019568841380189994
history_only,"history has accident, future has no accident",31217,0.0034028502972602353,303953,12.307234977657936,23.803780876379403,-0.5472749244712105,10.228487396330634,18.90128521423182,-0.3551650914193292,25319,11.392021478060354,22.239208828313462,-0.23120019741296355,25324,12.292156916650194,23.64222655592208,-0.6409722205692302,25334,13.720057224999646,26.35588612643027,-0.7596498029141129,25338,LosAngeles,STIDAccident,BasicTS/checkpoints/STIDAccident/TraffiDent_LosAngeles_2023Q1_100_12_12_accident/0810f65f1c81ea6c197470f18383ecc0/test_results,12.201169025181319,23.49407061794395,-0.7025998249485622,10.184217613235583,11.30282738528495,12.215338948117987,13.561667050057443,0.10606595247661765,0.30971025843545164,0.1553249004773517,0.04426978309505003,0.08919409277540424,0.07681796853220746,0.15839017494220364
ongoing,history has accident and future has accident,3572,0.0003893705757059794,33972,12.610973806862948,24.821073275287016,-1.1243052155281228,10.547689511586643,18.934053399198163,-0.762860784041404,2846,11.124126917727626,20.127087429895994,-0.5604771628549821,2833,12.783664506220184,27.690174365522285,-1.419511085442737,2825,14.58266476589877,31.01448227955103,-1.3365522415778415,2818,LosAngeles,STIDAccident,BasicTS/checkpoints/STIDAccident/TraffiDent_LosAngeles_2023Q1_100_12_12_accident/0810f65f1c81ea6c197470f18383ecc0/test_results,12.530462165526194,24.805434855464505,-1.227984718112548,10.462753219497262,11.01692988634362,12.700081877581841,14.58627129007181,0.08051164133675393,0.015638419822511906,0.10367950258442526,0.08493629208938103,0.10719703138400583,0.08358262863834298,-0.003606524173040526
post_last_slot,last history slot has accident,5628,0.0006134875700093092,54506,12.258225140141,23.72166421675503,-0.8690121639182982,10.41244079901316,18.332278248725622,-0.5546573843214991,4556,11.247440515542992,22.647568548599583,-0.6296992572047044,4537,12.209407975322272,25.052973226023784,-1.107964949556373,4539,13.9357417154123,28.686472193489262,-1.0491617487726257,4538,LosAngeles,STIDAccident,BasicTS/checkpoints/STIDAccident/TraffiDent_LosAngeles_2023Q1_100_12_12_accident/0810f65f1c81ea6c197470f18383ecc0/test_results,12.162037107251882,23.66364823137763,-1.01242319131621,10.358096818530424,11.167961712526754,12.102622828680031,13.890064162165649,0.0961880328891187,0.058015985377402046,0.1434110273979119,0.05434398048273614,0.07947880301623833,0.10678514664224004,0.04567755324665157
future_any,future window has accident,34826,0.003796254106813113,338327,12.035068377934845,21.766221688095385,-0.36849118013912485,10.048884518341492,17.21159301659866,-0.25775346283168943,28198,11.090427925397163,19.33864802885162,-0.07658710970742323,28202,12.063916319026252,21.87022345770679,-0.32321851782013616,28204,13.481790297255007,25.015929571628508,-0.5968034536546398,28181,LosAngeles,STIDAccident,BasicTS/checkpoints/STIDAccident/TraffiDent_LosAngeles_2023Q1_100_12_12_accident/0810f65f1c81ea6c197470f18383ecc0/test_results,12.003270324168168,21.73336568931792,-0.767491243166109,10.021781559370622,11.03896742608985,12.01871585480762,13.464538791884312,0.03179805376667666,0.032855998777463924,0.3990000630269841,0.027102958970870006,0.05146049930731422,0.045200464218631,0.01725150537069453
history_any,history window has accident,34789,0.0037922208729662147,337925,12.337770268024755,23.90800754654316,-0.6052844772457397,10.260742044474247,18.90459877826115,-0.3963616729904275,28165,11.365067379131792,22.03586034234077,-0.2643302270972128,28157,12.341466394522858,24.079059688659733,-0.7190776822106304,28159,13.806391427015306,26.85855642657335,-0.817389188935293,28156,LosAngeles,STIDAccident,BasicTS/checkpoints/STIDAccident/TraffiDent_LosAngeles_2023Q1_100_12_12_accident/0810f65f1c81ea6c197470f18383ecc0/test_results,12.23427326468521,23.62919408163032,-0.7554173551428077,10.212362967785227,11.274061902957946,12.263969854619498,13.664214992509645,0.10349700333954459,0.2788134649128402,0.15013287789706797,0.048379076689020195,0.09100547617384613,0.07749653990335936,0.14217643450566086
all,all test node-windows,9173780,1.0,89889106,11.059496775949691,21.55485619937279,-0.9245307064882952,9.325196738895793,17.177096083068104,-0.530198530502883,7490607,10.241259814742255,19.5963560273201,-0.7192449138720489,7490645,11.076688975073191,21.58698852439228,-0.8650004470955789,7490730,12.304985049628545,24.17024202395677,-1.2080587236656017,7490951,LosAngeles,STIDGatedAccident,BasicTS/checkpoints/STIDGatedAccident/TraffiDent_LosAngeles_2023Q1_100_12_12_gated_accident/2742d597068ff19e251df0b9964af382/test_results,11.049267955785432,21.48594535417715,-1.0644327934379363,9.318979452366143,10.230416681407275,11.067822653800096,12.299171235067483,0.010228820164259744,0.06891084519563861,0.13990208694964112,0.006217286529649257,0.010843133334979882,0.008866321273094613,0.005813814561062003
no_event,no accident in history or future window,9107737,0.9928008955959267,89246826,11.051937073930226,21.54647485510435,-0.9266703420179615,9.319620657239593,17.171261799497877,-0.531553975921908,7437090,10.234564158849684,19.5887232474605,-0.7213274110013705,7437119,11.069133392347542,21.57906373634417,-0.867095915751715,7437192,12.296271910452425,24.15932637985588,-1.2112753415867366,7437432,LosAngeles,STIDGatedAccident,BasicTS/checkpoints/STIDGatedAccident/TraffiDent_LosAngeles_2023Q1_100_12_12_gated_accident/2742d597068ff19e251df0b9964af382/test_results,11.04172850359967,21.47784184758584,-1.0667907015442837,9.313368984878494,10.223698993017322,11.060307686523355,12.29045443709603,0.010208570330556554,0.06863300751851042,0.14012035952632218,0.0062516723610990255,0.010865165832361967,0.008825705824186514,0.005817473356396263
future_onset,"history has no accident, future has accident",31254,0.0034068835311071334,304355,11.928009591203889,21.357595287614952,-0.5357414103598536,9.970017789176827,16.98051525255806,-0.2751420793867367,25352,11.029333659935215,19.17746642126749,-0.36418014854771885,25369,11.93823441196885,21.0745093968592,-0.37648899528244584,25379,13.294652797387789,24.24692255620645,-0.7872654981372137,25363,LosAngeles,STIDGatedAccident,BasicTS/checkpoints/STIDGatedAccident/TraffiDent_LosAngeles_2023Q1_100_12_12_gated_accident/2742d597068ff19e251df0b9964af382/test_results,11.944425233665251,21.36307277889088,-0.716091122804062,9.972278340978553,11.041428303398094,11.942871200770153,13.33990681982189,-0.016415642461362623,-0.005477491275929225,0.1803497124442084,-0.0022605518017257964,-0.012094643462878807,-0.004636788801303027,-0.045254022434100705
history_only,"history has accident, future has no accident",31217,0.0034028502972602353,303953,12.246124151814282,23.714044100885182,-0.6525928830286107,10.18889662004618,18.805470744307243,-0.35681737558297144,25319,11.329693739569747,22.051148443292814,-0.45114859275353913,25324,12.24680806900281,23.526753447717407,-0.6795790068416425,25334,13.631518647668676,26.32357182568299,-0.6818692421647798,25338,LosAngeles,STIDGatedAccident,BasicTS/checkpoints/STIDGatedAccident/TraffiDent_LosAngeles_2023Q1_100_12_12_gated_accident/2742d597068ff19e251df0b9964af382/test_results,12.201169025181319,23.49407061794395,-0.7025998249485622,10.184217613235583,11.30282738528495,12.215338948117987,13.561667050057443,0.04495512663296353,0.21997348294123142,0.050006941919951475,0.004679006810595965,0.02686635428479711,0.031469120884823454,0.06985159761123327
ongoing,history has accident and future has accident,3572,0.0003893705757059794,33972,12.521883730190488,24.797807953400092,-1.2197589553119745,10.468751495854585,18.902002607165553,-0.8026572031113604,2846,11.031973874152358,20.019137559434483,-0.8283519845862208,2833,12.734470632097363,27.896323261238628,-1.3998218205544801,2825,14.466378418412761,31.071885248166797,-1.236969443565569,2818,LosAngeles,STIDGatedAccident,BasicTS/checkpoints/STIDGatedAccident/TraffiDent_LosAngeles_2023Q1_100_12_12_gated_accident/2742d597068ff19e251df0b9964af382/test_results,12.530462165526194,24.805434855464505,-1.227984718112548,10.462753219497262,11.01692988634362,12.700081877581841,14.58627129007181,-0.008578435335705237,-0.007626902064412633,0.008225762800573522,0.0059982763573227516,0.01504398780873828,0.034388754515521924,-0.11989287165904905
post_last_slot,last history slot has accident,5628,0.0006134875700093092,54506,12.196931583327695,23.74219091720757,-0.9613414193732417,10.376931409023642,18.303509389437597,-0.556670221558153,4556,11.201582284968987,22.630999884677735,-0.8429348974835381,4537,12.184109535057605,25.200076341976793,-1.09264982332346,4539,13.905164906084407,28.860927575606826,-0.9783222665866601,4538,LosAngeles,STIDGatedAccident,BasicTS/checkpoints/STIDGatedAccident/TraffiDent_LosAngeles_2023Q1_100_12_12_gated_accident/2742d597068ff19e251df0b9964af382/test_results,12.162037107251882,23.66364823137763,-1.01242319131621,10.358096818530424,11.167961712526754,12.102622828680031,13.890064162165649,0.034894476075812975,0.07854268582994095,0.05108177194296837,0.018834590493218784,0.033620572442233154,0.08148670637757327,0.015100743918758042
future_any,future window has accident,34826,0.003796254106813113,338327,11.987641417363971,21.727648127446663,-0.60442482155661,10.02035452438691,17.184200417163133,-0.3283837121787228,28198,11.02959895379137,19.263677152234944,-0.41080799972526605,28202,12.017988083498171,21.853979452488364,-0.47898917359809406,28204,13.411821365559492,25.013332408566168,-0.8322343243889666,28181,LosAngeles,STIDGatedAccident,BasicTS/checkpoints/STIDGatedAccident/TraffiDent_LosAngeles_2023Q1_100_12_12_gated_accident/2742d597068ff19e251df0b9964af382/test_results,12.003270324168168,21.73336568931792,-0.767491243166109,10.021781559370622,11.03896742608985,12.01871585480762,13.464538791884312,-0.015628906804197484,-0.005717561871257715,0.1630664216094989,-0.0014270349837115504,-0.009368472298479702,-0.0007277713094495653,-0.05271742632482024
history_any,history window has accident,34789,0.0037922208729662147,337925,12.273846545091367,23.8252253246213,-0.7096107430869749,10.217175239875857,18.815247668095907,-0.40186831167699516,28165,11.29973879892489,21.85524842677143,-0.4891006804902932,28157,12.295731914632297,24.001050148456404,-0.7518360594879467,28159,13.715075794582527,26.836669117542744,-0.7374265600053538,28156,LosAngeles,STIDGatedAccident,BasicTS/checkpoints/STIDGatedAccident/TraffiDent_LosAngeles_2023Q1_100_12_12_gated_accident/2742d597068ff19e251df0b9964af382/test_results,12.23427326468521,23.62919408163032,-0.7554173551428077,10.212362967785227,11.274061902957946,12.263969854619498,13.664214992509645,0.03957328040615593,0.19603124299097985,0.04580661205583281,0.004812272090630287,0.025676895966944002,0.0317620600127988,0.05086080207288113
all,all test node-windows,5128200,1.0,51797393,10.407690856178805,20.58581789609306,-1.0861854294210087,8.695543338512076,16.127377237792018,-0.5813770282581058,4316363,9.601828533395825,18.540301749010997,-0.8245253763937346,4316393,10.428619122013398,20.593921170249555,-1.136548515968454,4316444,11.6405163082698,23.30885980217954,-1.502520224111365,4316537,Orange,STID,BasicTS/checkpoints/STID/TraffiDent_Orange_2023Q1_100_12_12_pure/61962a5bc414e6aa3e3d288a2850d204/test_results,10.407690856178805,20.58581789609306,-1.0861854294210087,8.695543338512076,9.601828533395825,10.428619122013398,11.6405163082698,0.0,0.0,0.0,0.0,0.0,0.0,0.0
no_event,no accident in history or future window,5110260,0.9965016965016965,51609934,10.404488935211582,20.583488462008635,-1.0884008434367016,8.692803944813155,16.125695131747094,-0.5823013576341783,4300717,9.598994379563733,18.539562842396755,-0.8259408451467966,4300756,10.425459389673817,20.5920562171995,-1.138763965841812,4300815,11.637145278207722,23.306176098554985,-1.5056920201808743,4300941,Orange,STID,BasicTS/checkpoints/STID/TraffiDent_Orange_2023Q1_100_12_12_pure/61962a5bc414e6aa3e3d288a2850d204/test_results,10.404488935211582,20.583488462008635,-1.0884008434367016,8.692803944813155,9.598994379563733,10.425459389673817,11.637145278207722,0.0,0.0,0.0,0.0,0.0,0.0,0.0
future_onset,"history has no accident, future has accident",8503,0.001658086658086658,88871,11.35694708767659,22.000541879919133,-0.29822081915161575,9.458748326032563,17.07937776651101,-0.22717119049733817,7427,10.2781655920805,18.889289113897007,-0.26134463873192304,7420,11.254533323819384,21.631375290126687,-0.4224879736519272,7408,12.925632931429284,25.795676562704337,-0.25274903441043745,7384,Orange,STID,BasicTS/checkpoints/STID/TraffiDent_Orange_2023Q1_100_12_12_pure/61962a5bc414e6aa3e3d288a2850d204/test_results,11.35694708767659,22.000541879919133,-0.29822081915161575,9.458748326032563,10.2781655920805,11.254533323819384,12.925632931429284,0.0,0.0,0.0,0.0,0.0,0.0,0.0
history_only,"history has accident, future has no accident",8483,0.0016541866541866543,88470,11.20963436526418,20.55534432288481,-0.6460461438544338,9.437242621775237,16.19561212005736,-0.4681617635394721,7372,10.489582290421794,18.756427968946348,-0.5032835619734787,7374,11.261719807253046,20.590108145515845,-0.643883539232157,7375,12.250298307462312,22.546055220778594,-0.9785739197663712,7368,Orange,STID,BasicTS/checkpoints/STID/TraffiDent_Orange_2023Q1_100_12_12_pure/61962a5bc414e6aa3e3d288a2850d204/test_results,11.20963436526418,20.55534432288481,-0.6460461438544338,9.437242621775237,10.489582290421794,11.261719807253046,12.250298307462312,0.0,0.0,0.0,0.0,0.0,0.0,0.0
ongoing,history has accident and future has accident,954,0.00018603018603018603,10118,11.391330322368175,19.86610612488536,-0.5554788155526506,9.457660859703596,15.465681103035035,0.02070176756227171,847,10.342227370147887,17.26295862394925,-1.3702199309180498,843,11.997043194782085,20.79290699870926,-0.4213263148675292,846,12.252905814003606,20.440853676009546,-0.8473740076001787,844,Orange,STID,BasicTS/checkpoints/STID/TraffiDent_Orange_2023Q1_100_12_12_pure/61962a5bc414e6aa3e3d288a2850d204/test_results,11.391330322368175,19.86610612488536,-0.5554788155526506,9.457660859703596,10.342227370147887,11.997043194782085,12.252905814003606,0.0,0.0,0.0,0.0,0.0,0.0,0.0
post_last_slot,last history slot has accident,1527,0.0002977652977652978,15977,11.327018730152592,20.251992924559367,-0.5331290892637842,9.257209880777385,15.53836707716057,-0.23811429551337612,1334,10.131504342789041,17.474303568326825,-1.1964981107783497,1330,11.598542259124939,20.397106707072393,-0.10633895782653444,1336,12.152778800054323,20.75921431740612,-1.3812673787648573,1333,Orange,STID,BasicTS/checkpoints/STID/TraffiDent_Orange_2023Q1_100_12_12_pure/61962a5bc414e6aa3e3d288a2850d204/test_results,11.327018730152592,20.251992924559367,-0.5331290892637842,9.257209880777385,10.131504342789041,11.598542259124939,12.152778800054323,0.0,0.0,0.0,0.0,0.0,0.0,0.0
future_any,future window has accident,9457,0.0018441168441168442,98989,11.36046144415549,21.791968275587482,-0.32451595711069087,9.458637012558222,16.92125740733448,-0.20179673154082656,8274,10.284701156570044,18.729838593199204,-0.37447328877971287,8263,11.330637555391586,21.546936266066425,-0.422368901157772,8254,12.856626874101238,25.298619661126857,-0.3137435653456566,8228,Orange,STID,BasicTS/checkpoints/STID/TraffiDent_Orange_2023Q1_100_12_12_pure/61962a5bc414e6aa3e3d288a2850d204/test_results,11.36046144415549,21.791968275587482,-0.32451595711069087,9.458637012558222,10.284701156570044,11.330637555391586,12.856626874101238,0.0,0.0,0.0,0.0,0.0,0.0,0.0
history_any,history window has accident,9437,0.0018402168402168403,98588,11.22828168269659,20.48567633224786,-0.6367513249020753,9.43934681937996,16.12191723877954,-0.4177824768333746,8219,10.474464914174037,18.608728211800344,-0.5922244641704543,8217,11.33738977905318,20.611069694425815,-0.6209807702767386,8221,12.250566327391864,22.33883909184219,-0.9650895982269421,8212,Orange,STID,BasicTS/checkpoints/STID/TraffiDent_Orange_2023Q1_100_12_12_pure/61962a5bc414e6aa3e3d288a2850d204/test_results,11.22828168269659,20.48567633224786,-0.6367513249020753,9.43934681937996,10.474464914174037,11.33738977905318,12.250566327391864,0.0,0.0,0.0,0.0,0.0,0.0,0.0
all,all test node-windows,5128200,1.0,51797393,10.465347643075395,20.612884403999008,-0.9801952459667287,8.733952023816116,16.163905000209173,-0.564816889815705,4316363,9.638815517522385,18.57488405438182,-0.7375228406583488,4316393,10.480721714303487,20.624794838870685,-1.0320819160840389,4316444,11.727816309984139,23.33187828038677,-1.2589843103187013,4316537,Orange,STIDAccident,BasicTS/checkpoints/STIDAccident/TraffiDent_Orange_2023Q1_100_12_12_accident/9ef70961a7897a8e85adcb241f1b17ff/test_results,10.407690856178805,20.58581789609306,-1.0861854294210087,8.695543338512076,9.601828533395825,10.428619122013398,11.6405163082698,0.05765678689659026,0.027066507905946224,0.10599018345428002,0.038408685304039736,0.03698698412656043,0.05210259229008862,0.08730000171433794
no_event,no accident in history or future window,5110260,0.9965016965016965,51609934,10.461614739712708,20.610103042859773,-0.9835295182214521,8.730993263739512,16.162056202309934,-0.5654415498479672,4300717,9.635680237090874,18.57364200949024,-0.7403219934185881,4300756,10.477076779342985,20.622535920319628,-1.035522817031436,4300815,11.723534817729423,23.32849458475634,-1.26451935027625,4300941,Orange,STIDAccident,BasicTS/checkpoints/STIDAccident/TraffiDent_Orange_2023Q1_100_12_12_accident/9ef70961a7897a8e85adcb241f1b17ff/test_results,10.404488935211582,20.583488462008635,-1.0884008434367016,8.692803944813155,9.598994379563733,10.425459389673817,11.637145278207722,0.057125804501126254,0.026614580851138214,0.10487132521524956,0.038189318926356464,0.03668585752714115,0.05161738966916829,0.0863895395217007
future_onset,"history has no accident, future has accident",8503,0.001658086658086658,88871,11.459388838417306,22.09877640153394,-0.029228055751185134,9.551986242345418,17.24690346707312,-0.14961096857475917,7427,10.40305257833229,19.17156860167597,-0.026206284906022313,7420,11.3524830531868,21.758837003604615,-0.15796287940336354,7408,13.056050010259593,25.778373404476447,0.2023584478467154,7384,Orange,STIDAccident,BasicTS/checkpoints/STIDAccident/TraffiDent_Orange_2023Q1_100_12_12_accident/9ef70961a7897a8e85adcb241f1b17ff/test_results,11.35694708767659,22.000541879919133,-0.29822081915161575,9.458748326032563,10.2781655920805,11.254533323819384,12.925632931429284,0.10244175074071649,0.09823452161480617,0.2689927634004306,0.09323791631285516,0.12488698625178962,0.09794972936741608,0.13041707883030895
history_only,"history has accident, future has no accident",8483,0.0016541866541866543,88470,11.506294054040211,20.781540561371738,-0.1561943048162623,9.548160546769024,16.22516767400653,-0.6843780195719511,7372,10.624990135795029,18.851972959125334,0.13044976476799158,7374,11.535076309462726,20.786800305035598,-0.0980089152707892,7375,12.749298576164453,22.974880401843794,0.2324430846753778,7368,Orange,STIDAccident,BasicTS/checkpoints/STIDAccident/TraffiDent_Orange_2023Q1_100_12_12_accident/9ef70961a7897a8e85adcb241f1b17ff/test_results,11.20963436526418,20.55534432288481,-0.6460461438544338,9.437242621775237,10.489582290421794,11.261719807253046,12.250298307462312,0.29665968877603177,0.22619623848692783,0.48985183903817153,0.11091792499378705,0.13540784537323525,0.2733565022096798,0.4990002687021402
ongoing,history has accident and future has accident,954,0.00018603018603018603,10118,11.674026327138835,19.77923164900992,0.46962101475055285,9.49770350270457,15.171805449293863,0.006785828501443514,847,10.281168755546018,17.072432004908325,-0.31029173827256173,843,12.185176457073672,20.48646871378545,0.6633978002742109,846,13.0067874266638,21.02670854128843,1.1421591591496039,844,Orange,STIDAccident,BasicTS/checkpoints/STIDAccident/TraffiDent_Orange_2023Q1_100_12_12_accident/9ef70961a7897a8e85adcb241f1b17ff/test_results,11.391330322368175,19.86610612488536,-0.5554788155526506,9.457660859703596,10.342227370147887,11.997043194782085,12.252905814003606,0.2826960047706599,-0.08687447587544028,1.0250998303032035,0.04004264300097482,-0.06105861460186901,0.18813326229158633,0.7538816126601944
post_last_slot,last history slot has accident,1527,0.0002977652977652978,15977,11.60823199855988,20.142174657715003,0.17192561224866826,9.310952413922129,15.211480705560026,-0.4196584235424402,1334,10.203472513184511,17.268958369825494,-0.3876015225747474,1330,11.841059719017165,20.17039646905603,0.6561648660077306,1336,12.67482248178927,20.933613861119294,0.1569815547682697,1333,Orange,STIDAccident,BasicTS/checkpoints/STIDAccident/TraffiDent_Orange_2023Q1_100_12_12_accident/9ef70961a7897a8e85adcb241f1b17ff/test_results,11.327018730152592,20.251992924559367,-0.5331290892637842,9.257209880777385,10.131504342789041,11.598542259124939,12.152778800054323,0.28121326840728855,-0.10981826684436413,0.7050547015124524,0.05374253314474409,0.07196817039547021,0.24251745989222684,0.5220436817349476
future_any,future window has accident,9457,0.0018441168441168442,98989,11.481327765456815,21.87297691403992,0.021760984001748893,9.546429383054516,17.04608821484686,-0.1336008182089485,8274,10.390617895051323,18.96805647493138,-0.055188911786079986,8263,11.437830684431708,21.631866987702836,-0.0737768260566669,8254,13.050996501293934,25.33202105716673,0.29875998619869604,8228,Orange,STIDAccident,BasicTS/checkpoints/STIDAccident/TraffiDent_Orange_2023Q1_100_12_12_accident/9ef70961a7897a8e85adcb241f1b17ff/test_results,11.36046144415549,21.791968275587482,-0.32451595711069087,9.458637012558222,10.284701156570044,11.330637555391586,12.856626874101238,0.12086632130132458,0.08100863845243822,0.3462769411124398,0.08779237049629351,0.10591673848127847,0.10719312904012135,0.19436962719269602
history_any,history window has accident,9437,0.0018402168402168403,98588,11.523508280920742,20.680911405381433,-0.09196744042729037,9.542960805924274,16.119796156790592,-0.6131508851924478,8219,10.589716880327597,18.677212468200505,0.08523312870771675,8217,11.601976327602626,20.756094262892283,-0.019654735569361714,8221,12.775762353591436,22.78233659698103,0.32594037880504995,8212,Orange,STIDAccident,BasicTS/checkpoints/STIDAccident/TraffiDent_Orange_2023Q1_100_12_12_accident/9ef70961a7897a8e85adcb241f1b17ff/test_results,11.22828168269659,20.48567633224786,-0.6367513249020753,9.43934681937996,10.474464914174037,11.33738977905318,12.250566327391864,0.2952265982241524,0.19523507313357413,0.544783884474785,0.10361398654431397,0.11525196615355959,0.2645865485494472,0.5251960261995716
all,all test node-windows,5128200,1.0,51797393,10.449898689881941,20.682229635813478,-0.8244432923622841,8.708443181794488,16.128042655406606,-0.23935256679360364,4316363,9.63120159007764,18.589661385930565,-0.604244659703969,4316393,10.476123075788774,20.701292706863175,-0.8071222198548573,4316444,11.686950492663447,23.424909089139792,-1.2322846356051376,4316537,Orange,STIDGatedAccident,BasicTS/checkpoints/STIDGatedAccident/TraffiDent_Orange_2023Q1_100_12_12_gated_accident/e5986ea714679cd5c7e0d08413b634e4/test_results,10.407690856178805,20.58581789609306,-1.0861854294210087,8.695543338512076,9.601828533395825,10.428619122013398,11.6405163082698,0.04220783370313619,0.09641173972041628,0.2617421370587246,0.012899843282411894,0.029373056681816223,0.04750395377537586,0.04643418439364666
no_event,no accident in history or future window,5110260,0.9965016965016965,51609934,10.446744656755422,20.679955396341274,-0.8267027588955791,8.705815986613395,16.12629700970602,-0.24016676321706076,4300717,9.62856931069212,18.589095050231837,-0.6051975805491923,4300756,10.473103528052242,20.699704062793828,-0.8098907964462023,4300815,11.683349200500542,23.421888434225348,-1.2352051279131142,4300941,Orange,STIDGatedAccident,BasicTS/checkpoints/STIDGatedAccident/TraffiDent_Orange_2023Q1_100_12_12_gated_accident/e5986ea714679cd5c7e0d08413b634e4/test_results,10.404488935211582,20.583488462008635,-1.0884008434367016,8.692803944813155,9.598994379563733,10.425459389673817,11.637145278207722,0.04225572154384061,0.0964669343326392,0.26169808454112253,0.013012041800239516,0.02957493112838705,0.04764413837842518,0.04620392229282011
future_onset,"history has no accident, future has accident",8503,0.001658086658086658,88871,11.328509177886477,22.049172884449405,0.048056023336921896,9.44191068272034,17.140002514079544,0.13435280716273157,7427,10.254384634629735,18.964771314737508,0.05096326298469482,7420,11.214173530141942,21.644201840939477,0.029718014900421735,7408,12.938795778888277,25.885497221388224,0.03311518031623485,7384,Orange,STIDGatedAccident,BasicTS/checkpoints/STIDGatedAccident/TraffiDent_Orange_2023Q1_100_12_12_gated_accident/e5986ea714679cd5c7e0d08413b634e4/test_results,11.35694708767659,22.000541879919133,-0.29822081915161575,9.458748326032563,10.2781655920805,11.254533323819384,12.925632931429284,-0.02843790979011196,0.04863100453027158,0.34627684248853763,-0.016837643312221928,-0.023780957450764362,-0.04035979367744247,0.013162847458993099
history_only,"history has accident, future has no accident",8483,0.0016541866541866543,88470,11.299800459813355,20.704079497010948,-0.4182967989595917,9.423383843167864,16.186028303567067,-0.1933035759969826,7372,10.444908683203668,18.675336672207404,-0.594547078251871,7374,11.337842935853086,20.696155237702484,-0.1109321449409097,7375,12.473650714861842,22.916356016732028,-0.8323450026372357,7368,Orange,STIDGatedAccident,BasicTS/checkpoints/STIDGatedAccident/TraffiDent_Orange_2023Q1_100_12_12_gated_accident/e5986ea714679cd5c7e0d08413b634e4/test_results,11.20963436526418,20.55534432288481,-0.6460461438544338,9.437242621775237,10.489582290421794,11.261719807253046,12.250298307462312,0.09016609454917557,0.1487351741261378,0.2277493448948421,-0.013858778607373168,-0.044673607218125966,0.07612312860003989,0.22335240739952944
ongoing,history has accident and future has accident,954,0.00018603018603018603,10118,11.389417473754762,19.66224115980378,-0.5142993681938381,9.39431882045345,15.313143584949168,0.21712333562101074,847,10.457720117354025,17.35165312517101,-1.5945875409941939,843,11.851892218803965,20.374529591891513,-0.1294368942296815,846,12.219172369247364,20.348632057995264,-0.9117761358830601,844,Orange,STIDGatedAccident,BasicTS/checkpoints/STIDGatedAccident/TraffiDent_Orange_2023Q1_100_12_12_gated_accident/e5986ea714679cd5c7e0d08413b634e4/test_results,11.391330322368175,19.86610612488536,-0.5554788155526506,9.457660859703596,10.342227370147887,11.997043194782085,12.252905814003606,-0.0019128486134132316,-0.20386496508157848,0.041179447358812404,-0.0633420392501467,0.11549274720613845,-0.14515097597812066,-0.03373344475624229
post_last_slot,last history slot has accident,1527,0.0002977652977652978,15977,11.308972299192234,20.05231781702611,-0.42384787322717266,9.245595723256535,15.413717427417133,-0.04545610133318351,1334,10.231314244664702,17.52525342548334,-1.446514341884986,1330,11.502972240219574,20.004034167984596,0.2681108948713291,1336,12.17802200260148,20.74837878054203,-1.2753518799240215,1333,Orange,STIDGatedAccident,BasicTS/checkpoints/STIDGatedAccident/TraffiDent_Orange_2023Q1_100_12_12_gated_accident/e5986ea714679cd5c7e0d08413b634e4/test_results,11.327018730152592,20.251992924559367,-0.5331290892637842,9.257209880777385,10.131504342789041,11.598542259124939,12.152778800054323,-0.018046430960357185,-0.19967510753325612,0.10928121603661156,-0.011614157520849488,0.09980990187566086,-0.09557001890536476,0.025243202547157395
future_any,future window has accident,9457,0.0018441168441168442,98989,11.33473494174542,21.817181709601687,-0.009424166722784144,9.437038796922565,16.962031496523604,0.1428259286380258,8274,10.275129041010425,18.806538612575537,-0.1169176010506704,8263,11.279537020683982,21.517512094087337,0.013405349949586469,8254,12.864979380012775,25.373218480324944,-0.06380846712504652,8228,Orange,STIDGatedAccident,BasicTS/checkpoints/STIDGatedAccident/TraffiDent_Orange_2023Q1_100_12_12_gated_accident/e5986ea714679cd5c7e0d08413b634e4/test_results,11.36046144415549,21.791968275587482,-0.32451595711069087,9.458637012558222,10.284701156570044,11.330637555391586,12.856626874101238,-0.025726502410069685,0.02521343401420495,0.31509179038790674,-0.02159821563565778,-0.009572115559619121,-0.05110053470760434,0.008352505911537023
history_any,history window has accident,9437,0.0018402168402168403,98588,11.308997707047336,20.599583285546206,-0.4281495007200648,9.420388462741034,16.09826152551483,-0.151007473011901,8219,10.446223005146473,18.54388727921583,-0.697143436305146,8217,11.39074259717278,20.663288889737558,-0.11283638697444283,8221,12.447496263677762,22.6658703540756,-0.8405086296219043,8212,Orange,STIDGatedAccident,BasicTS/checkpoints/STIDGatedAccident/TraffiDent_Orange_2023Q1_100_12_12_gated_accident/e5986ea714679cd5c7e0d08413b634e4/test_results,11.22828168269659,20.48567633224786,-0.6367513249020753,9.43934681937996,10.474464914174037,11.33738977905318,12.250566327391864,0.0807160243507461,0.11390695329834699,0.2086018241820105,-0.018958356638925977,-0.02824190902756385,0.0533528181196008,0.1969299362858976
all,all test node-windows,2698780,1.0,26871499,11.149100148823107,21.64247067895328,-1.139875666665044,9.43305123199551,17.384008844935988,-0.47704580861530976,2239233,10.33741540334206,19.68300522708025,-0.6843766400646135,2239247,11.162884070182129,21.688042266566477,-1.0731236962931967,2239288,12.386382074565947,24.147685229471296,-1.8344753170531285,2239360,Alameda,STID,BasicTS/checkpoints/STID/TraffiDent_Alameda_2023Q1_100_12_12_pure/1f0d94b78367d0e3c0f0fdd600c9b2f0/test_results,11.149100148823107,21.64247067895328,-1.139875666665044,9.43305123199551,10.33741540334206,11.162884070182129,12.386382074565947,0.0,0.0,0.0,0.0,0.0,0.0,0.0
no_event,no accident in history or future window,2686062,0.9952875002779034,26748811,11.143359862799135,21.640701659502657,-1.135279905854098,9.426748992765363,17.377359138588886,-0.4749524947995986,2228999,10.331424932542953,19.678802567709486,-0.6809413105223747,2229011,11.156863072628243,21.68594798944904,-1.0684045764100705,2229064,12.381790422472124,24.15016199924244,-1.8285871410488508,2229153,Alameda,STID,BasicTS/checkpoints/STID/TraffiDent_Alameda_2023Q1_100_12_12_pure/1f0d94b78367d0e3c0f0fdd600c9b2f0/test_results,11.143359862799135,21.640701659502657,-1.135279905854098,9.426748992765363,10.331424932542953,11.156863072628243,12.381790422472124,0.0,0.0,0.0,0.0,0.0,0.0,0.0
future_onset,"history has no accident, future has accident",6005,0.0022250794803577913,58192,12.442495406772004,22.29094665741283,-2.091244012928612,10.739538387344279,18.594967575355515,-1.0847725377797786,4842,11.598723096554368,20.72800352181029,-1.4411414012432786,4847,12.428888730230195,22.3803813764621,-2.047229078768996,4851,13.66740978113443,24.136369504978532,-3.1157568303012573,4846,Alameda,STID,BasicTS/checkpoints/STID/TraffiDent_Alameda_2023Q1_100_12_12_pure/1f0d94b78367d0e3c0f0fdd600c9b2f0/test_results,12.442495406772004,22.29094665741283,-2.091244012928612,10.739538387344279,11.598723096554368,12.428888730230195,13.66740978113443,0.0,0.0,0.0,0.0,0.0,0.0,0.0
history_only,"history has accident, future has no accident",6005,0.0022250794803577913,57919,12.259477005764937,21.624646457586874,-2.244124743875012,10.833444352239598,18.900825093512534,-0.9039957022474857,4841,11.681865804915539,20.41234307271431,-1.5319878525149362,4837,12.464347924794561,21.976238909631526,-2.268951166027169,4822,13.001813812921075,22.931887648009496,-3.1531249250840023,4817,Alameda,STID,BasicTS/checkpoints/STID/TraffiDent_Alameda_2023Q1_100_12_12_pure/1f0d94b78367d0e3c0f0fdd600c9b2f0/test_results,12.259477005764937,21.624646457586874,-2.244124743875012,10.833444352239598,11.681865804915539,12.464347924794561,13.001813812921075,0.0,0.0,0.0,0.0,0.0,0.0,0.0
ongoing,history has accident and future has accident,708,0.0002623407613810685,6577,13.272860226160635,23.118907150300064,-1.6890335895015745,11.14393586645109,19.258231798863147,0.14634516970431957,551,11.67118847888449,20.69695386572557,-0.48416469408118207,552,12.984858088830855,21.42693675791574,-1.1232029521962907,551,14.340612762114581,24.590079827790817,-2.872283472734339,544,Alameda,STID,BasicTS/checkpoints/STID/TraffiDent_Alameda_2023Q1_100_12_12_pure/1f0d94b78367d0e3c0f0fdd600c9b2f0/test_results,13.272860226160635,23.118907150300064,-1.6890335895015745,11.14393586645109,11.67118847888449,12.984858088830855,14.340612762114581,0.0,0.0,0.0,0.0,0.0,0.0,0.0
post_last_slot,last history slot has accident,1087,0.0004027745870356235,10466,12.848848757314654,22.30497606333376,-1.9595893358332281,11.257250331800456,19.55299335209857,0.08143605729713527,878,11.92948017533584,21.187668749104567,-1.5124329900795948,877,12.848875291535085,21.810211197286776,-1.4428850476255166,877,13.303398000631564,23.01095929584861,-2.9940910471048126,869,Alameda,STID,BasicTS/checkpoints/STID/TraffiDent_Alameda_2023Q1_100_12_12_pure/1f0d94b78367d0e3c0f0fdd600c9b2f0/test_results,12.848848757314654,22.30497606333376,-1.9595893358332281,11.257250331800456,11.92948017533584,12.848875291535085,13.303398000631564,0.0,0.0,0.0,0.0,0.0,0.0,0.0
future_any,future window has accident,6713,0.0024874202417388596,64769,12.526815350731647,22.376419923788863,-2.0504013906341445,10.78085548122186,18.663814173606795,-0.9589898738793886,5393,11.606131895446495,20.724830801878,-1.3432990475305033,5399,12.485597135225344,22.284998773813644,-1.9529790316895617,5402,13.735354694939721,24.182547511667206,-3.091183571470469,5390,Alameda,STID,BasicTS/checkpoints/STID/TraffiDent_Alameda_2023Q1_100_12_12_pure/1f0d94b78367d0e3c0f0fdd600c9b2f0/test_results,12.526815350731647,22.376419923788863,-2.0504013906341445,10.78085548122186,11.606131895446495,12.485597135225344,13.735354694939721,0.0,0.0,0.0,0.0,0.0,0.0,0.0
history_any,history window has accident,6713,0.0024874202417388596,64496,12.3628168550859,21.78171838242721,-2.1875191451124505,10.865172981862145,18.937657285132538,-0.7966629744283523,5392,11.68077218782528,20.44167811485637,-1.4246583911345738,5389,12.51772616620883,21.920541520119087,-2.1514549631658,5373,13.137666489868506,23.10557610539339,-3.1246269018297386,5361,Alameda,STID,BasicTS/checkpoints/STID/TraffiDent_Alameda_2023Q1_100_12_12_pure/1f0d94b78367d0e3c0f0fdd600c9b2f0/test_results,12.3628168550859,21.78171838242721,-2.1875191451124505,10.865172981862145,11.68077218782528,12.51772616620883,13.137666489868506,0.0,0.0,0.0,0.0,0.0,0.0,0.0
all,all test node-windows,2698780,1.0,26871499,11.123093533040342,21.363944436641315,-1.0379254342875048,9.443002749155626,17.392327779637064,-0.674667455168208,2239233,10.344861886746973,19.598086628541875,-0.9731352052128182,2239247,11.138090202946204,21.418843037106477,-1.0548603522271225,2239288,12.340720849093044,23.724393801916165,-1.2629141091005773,2239360,Alameda,STIDAccident,BasicTS/checkpoints/STIDAccident/TraffiDent_Alameda_2023Q1_100_12_12_accident/7f2783390413ef40acba8c2897dffa4c/test_results,11.149100148823107,21.64247067895328,-1.139875666665044,9.43305123199551,10.33741540334206,11.162884070182129,12.386382074565947,-0.026006615782765863,-0.27852624231196543,0.1019502323775392,0.009951517160116552,0.007446483404912385,-0.024793867235924694,-0.04566122547290341
no_event,no accident in history or future window,2686062,0.9952875002779034,26748811,11.116407379752319,21.36075805935456,-1.033383281645999,9.436359879199138,17.385328441534522,-0.6717155357935825,2228999,10.337999639329954,19.592665243920255,-0.9689785326790531,2229011,11.13103817762747,21.415122528540373,-1.049683565902339,2229064,12.33479687968928,23.72513369974474,-1.2600196258636058,2229153,Alameda,STIDAccident,BasicTS/checkpoints/STIDAccident/TraffiDent_Alameda_2023Q1_100_12_12_accident/7f2783390413ef40acba8c2897dffa4c/test_results,11.143359862799135,21.640701659502657,-1.135279905854098,9.426748992765363,10.331424932542953,11.156863072628243,12.381790422472124,-0.02695248304681641,-0.2799436001480977,0.1018966242080992,0.009610886433774724,0.006574706787001006,-0.02582489500077223,-0.04699354278284318
future_onset,"history has no accident, future has accident",6005,0.0022250794803577913,58192,12.511058391500772,22.27539155731748,-1.9984431809568786,10.811013169349692,18.719741115465407,-1.3095390504177618,4842,11.717807197610153,20.86290198783081,-1.748947516603275,4847,12.53647045213349,22.48213631244155,-2.0689491298709353,4851,13.717195625006045,23.988397568202704,-2.4617348764240865,4846,Alameda,STIDAccident,BasicTS/checkpoints/STIDAccident/TraffiDent_Alameda_2023Q1_100_12_12_accident/7f2783390413ef40acba8c2897dffa4c/test_results,12.442495406772004,22.29094665741283,-2.091244012928612,10.739538387344279,11.598723096554368,12.428888730230195,13.66740978113443,0.06856298472876787,-0.015555100095351548,0.0928008319717335,0.07147478200541357,0.11908410105578504,0.10758172190329418,0.04978584387161611
history_only,"history has accident, future has no accident",6005,0.0022250794803577913,57919,12.55270842538996,21.70727950913224,-2.1626929863375333,10.941465226906042,18.94216433995769,-1.4509228818846547,4841,11.980685912505491,20.64582365278538,-2.1361070561561797,4837,12.774399229324196,22.048646459709065,-2.455755442615764,4822,13.423589636335636,22.997749531839528,-1.478916314718806,4817,Alameda,STIDAccident,BasicTS/checkpoints/STIDAccident/TraffiDent_Alameda_2023Q1_100_12_12_accident/7f2783390413ef40acba8c2897dffa4c/test_results,12.259477005764937,21.624646457586874,-2.244124743875012,10.833444352239598,11.681865804915539,12.464347924794561,13.001813812921075,0.2932314196250232,0.08263305154536482,0.08143175753747878,0.10802087466644394,0.29882010758995214,0.3100513045296349,0.42177582341456166
ongoing,history has accident and future has accident,708,0.0002623407613810685,6577,13.44655157654449,22.976978740152806,-1.1072957388477809,11.129396061282842,19.266699446639546,-0.2171853579540218,551,11.665142315021459,20.57172538948015,-0.7550437692282856,552,13.035458698030393,21.281977909679103,-0.8095901683108128,551,14.765194261775298,24.64574984110312,-0.531860491808723,544,Alameda,STIDAccident,BasicTS/checkpoints/STIDAccident/TraffiDent_Alameda_2023Q1_100_12_12_accident/7f2783390413ef40acba8c2897dffa4c/test_results,13.272860226160635,23.118907150300064,-1.6890335895015745,11.14393586645109,11.67118847888449,12.984858088830855,14.340612762114581,0.17369135038385508,-0.14192841014725843,0.5817378506537936,-0.01453980516824771,-0.00604616386303114,0.05060060919953813,0.42458149966071623
post_last_slot,last history slot has accident,1087,0.0004027745870356235,10466,13.098443416753645,22.30225423328567,-1.5281733456930011,11.381195837381489,19.657041648031633,-0.3544624432887466,878,12.183952953551758,21.348079180492224,-1.9118165350014698,877,13.031376298232388,21.622775200080817,-1.245932445286889,877,13.889133308507219,23.505263336022562,-0.8558021519071625,869,Alameda,STIDAccident,BasicTS/checkpoints/STIDAccident/TraffiDent_Alameda_2023Q1_100_12_12_accident/7f2783390413ef40acba8c2897dffa4c/test_results,12.848848757314654,22.30497606333376,-1.9595893358332281,11.257250331800456,11.92948017533584,12.848875291535085,13.303398000631564,0.24959465943899062,-0.002721830048091789,0.431415990140227,0.12394550558103212,0.2544727782159182,0.18250100669730251,0.5857353078756553
future_any,future window has accident,6713,0.0024874202417388596,64769,12.606053549233774,22.347639426953084,-1.9079512302367054,10.843542177160353,18.776354188935226,-1.197933852727838,5393,11.712422932799512,20.833318495284527,-1.6473297109248837,5399,12.587366955759613,22.36267102008837,-1.9404954257076734,5402,13.822967870425646,24.055557730065807,-2.2669571595200804,5390,Alameda,STIDAccident,BasicTS/checkpoints/STIDAccident/TraffiDent_Alameda_2023Q1_100_12_12_accident/7f2783390413ef40acba8c2897dffa4c/test_results,12.526815350731647,22.376419923788863,-2.0504013906341445,10.78085548122186,11.606131895446495,12.485597135225344,13.735354694939721,0.07923819850212688,-0.02878049683577899,0.14245016039743907,0.06268669593849374,0.10629103735301726,0.10176982053426897,0.08761317548592551
history_any,history window has accident,6713,0.0024874202417388596,64496,12.643858274376088,21.840137764044243,-2.055068422150476,10.960669803336396,18.975582691228585,-1.324849189565868,5392,11.948364509813285,20.63824593339209,-1.9946435010594679,5389,12.80117100797817,21.97125586443696,-2.286941587248262,5373,13.559727113564009,23.170322205910214,-1.3828152366770534,5361,Alameda,STIDAccident,BasicTS/checkpoints/STIDAccident/TraffiDent_Alameda_2023Q1_100_12_12_accident/7f2783390413ef40acba8c2897dffa4c/test_results,12.3628168550859,21.78171838242721,-2.1875191451124505,10.865172981862145,11.68077218782528,12.51772616620883,13.137666489868506,0.28104141929018844,0.058419381617031974,0.1324507229619747,0.09549682147425109,0.26759232198800476,0.2834448417693398,0.42206062369550246
all,all test node-windows,2698780,1.0,26871499,11.102015168562051,21.438914637869654,-0.895993514026222,9.419378532738666,17.385896225207507,-0.23147863766211327,2239233,10.31274819657568,19.625029950794126,-0.6073673530947813,2239247,11.122573998688422,21.493682539596794,-0.8348421844127324,2239288,12.314085358093385,23.826596863641555,-1.3770471969172764,2239360,Alameda,STIDGatedAccident,BasicTS/checkpoints/STIDGatedAccident/TraffiDent_Alameda_2023Q1_100_12_12_gated_accident/c2e7a0b7230869ca07041f6c44f746a9/test_results,11.149100148823107,21.64247067895328,-1.139875666665044,9.43305123199551,10.33741540334206,11.162884070182129,12.386382074565947,-0.04708498026105623,-0.20355604108362613,0.24388215263882207,-0.013672699256844112,-0.0246672067663809,-0.0403100714937068,-0.07229671647256275
no_event,no accident in history or future window,2686062,0.9952875002779034,26748811,11.096475320903048,21.437211362918113,-0.8916531176993396,9.413425470777465,17.379625029400632,-0.22958979050782366,2228999,10.306916655665898,19.621051322927524,-0.6035380590468955,2229011,11.116506237315305,21.491372539846804,-0.82966114705768,2229064,12.309584507826516,23.82881252132346,-1.3708937973284443,2229153,Alameda,STIDGatedAccident,BasicTS/checkpoints/STIDGatedAccident/TraffiDent_Alameda_2023Q1_100_12_12_gated_accident/c2e7a0b7230869ca07041f6c44f746a9/test_results,11.143359862799135,21.640701659502657,-1.135279905854098,9.426748992765363,10.331424932542953,11.156863072628243,12.381790422472124,-0.046884541896087484,-0.20349029658454398,0.24362678815475847,-0.01332352198789799,-0.02450827687705548,-0.04035683531293799,-0.07220591464560755
future_onset,"history has no accident, future has accident",6005,0.0022250794803577913,58192,12.359850664928059,22.116044875858613,-1.8617392283794412,10.657732235996352,18.55897931695577,-0.8365277578297946,4842,11.53032464432131,20.618149748888595,-1.3976819412423478,4847,12.433842563255624,22.29056865538817,-1.8073571487643796,4851,13.501913559520437,23.855493084847883,-2.692146960930346,4846,Alameda,STIDGatedAccident,BasicTS/checkpoints/STIDGatedAccident/TraffiDent_Alameda_2023Q1_100_12_12_gated_accident/c2e7a0b7230869ca07041f6c44f746a9/test_results,12.442495406772004,22.29094665741283,-2.091244012928612,10.739538387344279,11.598723096554368,12.428888730230195,13.66740978113443,-0.08264474184394466,-0.17490178155421887,0.2295047845491709,-0.08180615134792646,-0.0683984522330583,0.004953833025428622,-0.16549622161399213
history_only,"history has accident, future has no accident",6005,0.0022250794803577913,57919,12.162427993079168,21.365645787043448,-1.8749189422111607,10.731906915297072,18.802321397842793,-0.5555873186079536,4841,11.614315335011714,20.29095873417358,-1.5638090492108156,4837,12.3997432814748,21.75668980062549,-2.2057560557203635,4822,13.002122184907051,22.68823620043134,-2.7932726824607794,4817,Alameda,STIDGatedAccident,BasicTS/checkpoints/STIDGatedAccident/TraffiDent_Alameda_2023Q1_100_12_12_gated_accident/c2e7a0b7230869ca07041f6c44f746a9/test_results,12.259477005764937,21.624646457586874,-2.244124743875012,10.833444352239598,11.681865804915539,12.464347924794561,13.001813812921075,-0.09704901268576904,-0.25900067054342557,0.3692058016638513,-0.10153743694252526,-0.06755046990382496,-0.06460464331976112,0.00030837198597666315
ongoing,history has accident and future has accident,708,0.0002623407613810685,6577,13.166393463891094,22.87616126560333,-1.3829764896420083,11.087865071374578,19.061458718718242,0.2919870366202076,551,11.764502331830453,20.78008669055224,-0.7496952941452247,552,12.947769621971947,21.37663448963631,-1.2353479485762746,551,14.082976944306317,24.322118294578082,-2.3364646434783936,544,Alameda,STIDGatedAccident,BasicTS/checkpoints/STIDGatedAccident/TraffiDent_Alameda_2023Q1_100_12_12_gated_accident/c2e7a0b7230869ca07041f6c44f746a9/test_results,13.272860226160635,23.118907150300064,-1.6890335895015745,11.14393586645109,11.67118847888449,12.984858088830855,14.340612762114581,-0.106466762269541,-0.24274588469673475,0.3060570998595662,-0.05607079507651136,0.09331385294596295,-0.037088466858907765,-0.2576358178082643
post_last_slot,last history slot has accident,1087,0.0004027745870356235,10466,12.68557666360865,21.925930961056345,-1.6317591019303672,11.220996973997911,19.47686259822107,0.3261418179661918,878,12.021701373423246,21.307069797743612,-1.6972945070864809,877,12.653172291806785,21.377388814745558,-1.5035260982361187,877,13.147121802572551,22.648824681214826,-2.566574439080593,869,Alameda,STIDGatedAccident,BasicTS/checkpoints/STIDGatedAccident/TraffiDent_Alameda_2023Q1_100_12_12_gated_accident/c2e7a0b7230869ca07041f6c44f746a9/test_results,12.848848757314654,22.30497606333376,-1.9595893358332281,11.257250331800456,11.92948017533584,12.848875291535085,13.303398000631564,-0.16327209370600393,-0.3790451022774164,0.3278302339028609,-0.03625335780254524,0.09222119808740636,-0.19570299972830085,-0.15627619805901283
future_any,future window has accident,6713,0.0024874202417388596,64769,12.441751340958469,22.194418609508215,-1.813122980013285,10.701678664569794,18.610939625498037,-0.7212280154603986,5393,11.554267142829817,20.634764757479168,-1.331431076380473,5399,12.486262814727636,22.199071584722567,-1.7490126056522848,5402,13.560559004180286,23.90300179425593,-2.6562487883558963,5390,Alameda,STIDGatedAccident,BasicTS/checkpoints/STIDGatedAccident/TraffiDent_Alameda_2023Q1_100_12_12_gated_accident/c2e7a0b7230869ca07041f6c44f746a9/test_results,12.526815350731647,22.376419923788863,-2.0504013906341445,10.78085548122186,11.606131895446495,12.485597135225344,13.735354694939721,-0.08506400977317874,-0.18200131428064736,0.23727841062085941,-0.07917681665206544,-0.051864752616678444,0.000665679502292349,-0.17479569075943502
history_any,history window has accident,6713,0.0024874202417388596,64496,12.264807614520713,21.52453547312039,-1.8247529971218086,10.768281639506625,18.828965991270756,-0.4689750140781572,5392,11.629699251164663,20.341601347938898,-1.480418601136058,5389,12.455943255457337,21.71802099088446,-2.106240858074098,5373,13.111800363316862,22.85935641179164,-2.746918626161592,5361,Alameda,STIDGatedAccident,BasicTS/checkpoints/STIDGatedAccident/TraffiDent_Alameda_2023Q1_100_12_12_gated_accident/c2e7a0b7230869ca07041f6c44f746a9/test_results,12.3628168550859,21.78171838242721,-2.1875191451124505,10.865172981862145,11.68077218782528,12.51772616620883,13.137666489868506,-0.09800924056518667,-0.2571829093068203,0.3627661479906419,-0.09689134235551933,-0.051072936660617074,-0.06178291075149289,-0.02586612655164444
all,all test node-windows,2569280,1.0,25695167,10.771665445879375,20.984629804302653,-0.8499706187603538,9.0709202597802,16.597378050643442,-0.2628784141633418,2141214,9.942673433188805,18.92803950616572,-0.5598184888908087,2141228,10.773242116444468,20.969342330172292,-0.7342153978413049,2141261,12.048096961377311,23.734351445848855,-1.329205883143336,2141332,ContraCosta,STID,BasicTS/checkpoints/STID/TraffiDent_ContraCosta_2023Q1_100_12_12_pure/dcfedb4404ed19f835999f1b5b0aeeb5/test_results,10.771665445879375,20.984629804302653,-0.8499706187603538,9.0709202597802,9.942673433188805,10.773242116444468,12.048096961377311,0.0,0.0,0.0,0.0,0.0,0.0,0.0
no_event,no accident in history or future window,2561490,0.9969680221696351,25615356,10.761135351778831,20.968340321613656,-0.8519677181388682,9.062703767206715,16.5844714968321,-0.26387034451874414,2134559,9.932669790958583,18.910987505931715,-0.5616297950005896,2134577,10.762408695350723,20.950950405423853,-0.7370445572179255,2134612,12.036689920325369,23.718992546198713,-1.3301783471899482,2134682,ContraCosta,STID,BasicTS/checkpoints/STID/TraffiDent_ContraCosta_2023Q1_100_12_12_pure/dcfedb4404ed19f835999f1b5b0aeeb5/test_results,10.761135351778831,20.968340321613656,-0.8519677181388682,9.062703767206715,9.932669790958583,10.762408695350723,12.036689920325369,0.0,0.0,0.0,0.0,0.0,0.0,0.0
future_onset,"history has no accident, future has accident",3671,0.0014288049570307635,37507,14.289930244108339,26.37771097856272,0.5376571985615419,11.550214152024742,19.781085983441383,0.3849488928742354,3124,13.238300131713203,23.88504264990645,0.833127708569422,3123,14.430613017402957,27.051252421465176,1.1383859474333642,3122,15.822356880548508,29.024397737295242,-0.2968861420340313,3132,ContraCosta,STID,BasicTS/checkpoints/STID/TraffiDent_ContraCosta_2023Q1_100_12_12_pure/dcfedb4404ed19f835999f1b5b0aeeb5/test_results,14.289930244108339,26.37771097856272,0.5376571985615419,11.550214152024742,13.238300131713203,14.430613017402957,15.822356880548508,0.0,0.0,0.0,0.0,0.0,0.0,0.0
history_only,"history has accident, future has no accident",3674,0.001429972599327438,37510,14.082855394852063,25.123868470221375,-1.0149599760254362,11.910496673047904,20.923779131110873,-0.3529210073884704,3131,13.061997416682138,23.549052286735122,-0.7047516905080777,3130,14.023700026075108,25.445752205417115,-0.80793163591122,3127,15.80764687829539,27.909983720954582,-1.8847390615469983,3119,ContraCosta,STID,BasicTS/checkpoints/STID/TraffiDent_ContraCosta_2023Q1_100_12_12_pure/dcfedb4404ed19f835999f1b5b0aeeb5/test_results,14.082855394852063,25.123868470221375,-1.0149599760254362,11.910496673047904,13.061997416682138,14.023700026075108,15.80764687829539,0.0,0.0,0.0,0.0,0.0,0.0,0.0
ongoing,history has accident and future has accident,445,0.00017320027400672563,4794,13.601980627105293,24.497568437912886,0.2553515428297212,11.327006816864014,19.638557524900655,0.6757049369812012,400,13.203382827528758,24.69536339441143,-0.6355611043958808,398,14.629290256500244,25.502530481763195,0.3243556880950928,400,14.061470605376968,24.209303185424208,0.11290729494023144,399,ContraCosta,STID,BasicTS/checkpoints/STID/TraffiDent_ContraCosta_2023Q1_100_12_12_pure/dcfedb4404ed19f835999f1b5b0aeeb5/test_results,13.601980627105293,24.497568437912886,0.2553515428297212,11.327006816864014,13.203382827528758,14.629290256500244,14.061470605376968,0.0,0.0,0.0,0.0,0.0,0.0,0.0
post_last_slot,last history slot has accident,664,0.0002584381616639681,6879,14.166630811063264,26.00176051717878,-0.6931363363774784,11.924249519228312,21.053538336367755,0.5327642683791448,573,13.94429891092794,26.24642261219067,-0.4530789502017148,572,14.243482805335004,26.845844728884252,-0.9961272397248642,575,14.915775565834313,26.284553733773198,-1.0715327296223673,572,ContraCosta,STID,BasicTS/checkpoints/STID/TraffiDent_ContraCosta_2023Q1_100_12_12_pure/dcfedb4404ed19f835999f1b5b0aeeb5/test_results,14.166630811063264,26.00176051717878,-0.6931363363774784,11.924249519228312,13.94429891092794,14.243482805335004,14.915775565834313,0.0,0.0,0.0,0.0,0.0,0.0,0.0
future_any,future window has accident,4116,0.0016020052310374891,42301,14.211964429020867,26.171420584538367,0.5056632486450111,11.524878433695175,19.76495956607833,0.4179517689682163,3524,13.234353249400083,23.978010976387868,0.6671129252144776,3521,14.453176932738357,26.879853371864083,1.0459350096373854,3522,15.623378186481123,28.52106443378349,-0.2505798285826513,3531,ContraCosta,STID,BasicTS/checkpoints/STID/TraffiDent_ContraCosta_2023Q1_100_12_12_pure/dcfedb4404ed19f835999f1b5b0aeeb5/test_results,14.211964429020867,26.171420584538367,0.5056632486450111,11.524878433695175,13.234353249400083,14.453176932738357,15.623378186481123,0.0,0.0,0.0,0.0,0.0,0.0,0.0
history_any,history window has accident,4119,0.0016031728733341636,42304,14.02836136359851,25.053681298353307,-0.8710049230284121,11.844397296111465,20.782178560028694,-0.23639577078569446,3531,13.077947503044491,23.68114704891284,-0.6969461884358032,3528,14.092380856805189,25.452198007462066,-0.6795180623308944,3527,15.60960134340322,27.515299988385483,-1.6581725748917675,3518,ContraCosta,STID,BasicTS/checkpoints/STID/TraffiDent_ContraCosta_2023Q1_100_12_12_pure/dcfedb4404ed19f835999f1b5b0aeeb5/test_results,14.02836136359851,25.053681298353307,-0.8710049230284121,11.844397296111465,13.077947503044491,14.092380856805189,15.60960134340322,0.0,0.0,0.0,0.0,0.0,0.0,0.0
all,all test node-windows,2569280,1.0,25695167,10.877373028943536,21.068586675630634,-0.8167730304194797,9.11935182418712,16.636385179027748,-0.5939958724135475,2141214,10.025751610903884,19.018082126017443,-0.6998857233292174,2141228,10.88205429461308,21.073719507606086,-0.7562681734782244,2141261,12.18753255129284,23.788655546733377,-1.0410111537349693,2141332,ContraCosta,STIDAccident,BasicTS/checkpoints/STIDAccident/TraffiDent_ContraCosta_2023Q1_100_12_12_accident/5b781156b6d58c7302fe76f33c98474e/test_results,10.771665445879375,20.984629804302653,-0.8499706187603538,9.0709202597802,9.942673433188805,10.773242116444468,12.048096961377311,0.10570758306416117,0.08395687132798102,0.03319758834087416,0.0484315644069202,0.08307817771507864,0.10881217816861266,0.13943558991552862
no_event,no accident in history or future window,2561490,0.9969680221696351,25615356,10.866269045802056,21.052115912092646,-0.8197104759618178,9.11092150284321,16.623636339216603,-0.5948737702524268,2134559,10.015415759187887,19.000979076069083,-0.7016977461450428,2134577,10.870738793074572,21.055368823978053,-0.7596453836160052,2134612,12.17540597088934,23.77282499956808,-1.043380408737951,2134682,ContraCosta,STIDAccident,BasicTS/checkpoints/STIDAccident/TraffiDent_ContraCosta_2023Q1_100_12_12_accident/5b781156b6d58c7302fe76f33c98474e/test_results,10.761135351778831,20.968340321613656,-0.8519677181388682,9.062703767206715,9.932669790958583,10.762408695350723,12.036689920325369,0.10513369402322503,0.08377559047898941,0.032257242177050394,0.04821773563649501,0.08274596822930391,0.10833009772384905,0.1387160505639713
future_onset,"history has no accident, future has accident",3671,0.0014288049570307635,37507,14.314551243077855,26.34891375104336,0.6271882330906955,11.55854310391044,19.658081525106002,0.05223180328838041,3124,13.295329122943372,23.843992484857914,0.5964914823318955,3123,14.393494043344111,26.999224055287513,1.0708208481216186,3122,15.895656249532298,29.044949560055503,0.3133888317707398,3132,ContraCosta,STIDAccident,BasicTS/checkpoints/STIDAccident/TraffiDent_ContraCosta_2023Q1_100_12_12_accident/5b781156b6d58c7302fe76f33c98474e/test_results,14.289930244108339,26.37771097856272,0.5376571985615419,11.550214152024742,13.238300131713203,14.430613017402957,15.822356880548508,0.02462099896951564,-0.028797227519362423,0.08953103452915356,0.008328951885697933,0.05702899123016891,-0.037118974058845566,0.07329936898378975
history_only,"history has accident, future has no accident",3674,0.001429972599327438,37510,14.542673299815362,25.27078572835732,-0.45602292513663023,12.12829638090959,21.040710232946836,-0.7426543441377711,3131,13.313204141927603,23.654505463771596,-0.7488901156586961,3130,14.535106122169703,25.61362646891207,-0.4413032251156135,3127,16.317932386970092,28.0471058408425,-1.0589881657254585,3119,ContraCosta,STIDAccident,BasicTS/checkpoints/STIDAccident/TraffiDent_ContraCosta_2023Q1_100_12_12_accident/5b781156b6d58c7302fe76f33c98474e/test_results,14.082855394852063,25.123868470221375,-1.0149599760254362,11.910496673047904,13.061997416682138,14.023700026075108,15.80764687829539,0.4598179049633,0.14691725813594658,0.558937050888806,0.2177997078616869,0.2512067252454653,0.5114060960945945,0.510285508674702
ongoing,history has accident and future has accident,445,0.00017320027400672563,4794,14.638229002493045,25.851716476843258,0.7590003134958636,11.504265365600586,19.598539763094468,0.2074574375152588,400,13.950974469208838,25.886077874005252,-0.7684906331738036,398,15.302925434112549,26.257757064677964,0.5437024402618408,400,15.67088138130972,26.242037725082426,1.1436788037904821,399,ContraCosta,STIDAccident,BasicTS/checkpoints/STIDAccident/TraffiDent_ContraCosta_2023Q1_100_12_12_accident/5b781156b6d58c7302fe76f33c98474e/test_results,13.601980627105293,24.497568437912886,0.2553515428297212,11.327006816864014,13.203382827528758,14.629290256500244,14.061470605376968,1.0362483753877516,1.3541480389303722,0.5036487706661423,0.17725854873657276,0.7475916416800796,0.6736351776123044,1.6094107759327514
post_last_slot,last history slot has accident,664,0.0002584381616639681,6879,15.011666934665925,27.20172633243071,-0.23419549517514385,12.201651947660595,21.097334646801023,0.03883166754224954,573,14.468210453753704,27.043616047668777,-0.7359950459086811,572,14.829808973229449,27.898837394026156,-0.8200672050144362,575,16.078946533736648,27.971629863519446,-0.1968263145926949,572,ContraCosta,STIDAccident,BasicTS/checkpoints/STIDAccident/TraffiDent_ContraCosta_2023Q1_100_12_12_accident/5b781156b6d58c7302fe76f33c98474e/test_results,14.166630811063264,26.00176051717878,-0.6931363363774784,11.924249519228312,13.94429891092794,14.243482805335004,14.915775565834313,0.8450361236026609,1.1999658152519288,0.4589408412023346,0.2774024284322838,0.5239115428257648,0.5863261678944447,1.1631709679023352
future_any,future window has accident,4116,0.0016020052310374891,42301,14.351233850046578,26.293038514858367,0.642126549829228,11.552382344690814,19.65133234964028,0.06985111323171522,3524,13.369440747742896,24.083503668766387,0.44219926174849616,3521,14.496779650331288,26.91604246595371,1.0109548444168464,3522,15.870256716183446,28.74192431948295,0.4072108045916691,3531,ContraCosta,STIDAccident,BasicTS/checkpoints/STIDAccident/TraffiDent_ContraCosta_2023Q1_100_12_12_accident/5b781156b6d58c7302fe76f33c98474e/test_results,14.211964429020867,26.171420584538367,0.5056632486450111,11.524878433695175,13.234353249400083,14.453176932738357,15.623378186481123,0.13926942102571083,0.12161793031999935,0.1364633011842169,0.027503910995639202,0.13508749834281275,0.04360271759293077,0.2468785297023235
history_any,history window has accident,4119,0.0016031728733341636,42304,14.553502057576143,25.337287510999808,-0.3183332972014365,12.057604857525519,20.88234070285189,-0.6350233963345442,3531,13.385152036100289,23.916675247383075,-0.7511013132644618,3528,14.622185046523429,25.687489684104655,-0.32959297273190796,3527,16.24454583194596,27.848264132786685,-0.8091687912152123,3518,ContraCosta,STIDAccident,BasicTS/checkpoints/STIDAccident/TraffiDent_ContraCosta_2023Q1_100_12_12_accident/5b781156b6d58c7302fe76f33c98474e/test_results,14.02836136359851,25.053681298353307,-0.8710049230284121,11.844397296111465,13.077947503044491,14.092380856805189,15.60960134340322,0.5251406939776331,0.2836062126465002,0.5526716258269757,0.21320756141405361,0.3072045330557973,0.5298041897182397,0.6349444885427395
all,all test node-windows,2569280,1.0,25695167,10.785402236342733,20.956129728564278,-0.8031189858355099,9.076804399863816,16.60413675841229,-0.34270678305278135,2141214,9.958355395245158,18.930845290304102,-0.4872312333968303,2141228,10.790428389801617,20.927488445885153,-0.868487427932817,2141261,12.058441486420602,23.70663837720116,-1.1128027399297347,2141332,ContraCosta,STIDGatedAccident,BasicTS/checkpoints/STIDGatedAccident/TraffiDent_ContraCosta_2023Q1_100_12_12_gated_accident/895b18270447cef32d32ee42e7bb34f8/test_results,10.771665445879375,20.984629804302653,-0.8499706187603538,9.0709202597802,9.942673433188805,10.773242116444468,12.048096961377311,0.013736790463358517,-0.028500075738374875,0.046851632924843956,0.005884140083615819,0.015681962056353527,0.017186273357149062,0.010344525043290531
no_event,no accident in history or future window,2561490,0.9969680221696351,25615356,10.774399060665017,20.938819515321793,-0.8042123703078365,9.068370709125398,16.5910094476179,-0.3434375760046118,2134559,9.947889474267033,18.912900669456356,-0.4887823444246982,2134577,10.779143326896175,20.9082271002074,-0.8702622164065816,2134612,12.046733526937501,23.690568067336553,-1.1134766716534066,2134682,ContraCosta,STIDGatedAccident,BasicTS/checkpoints/STIDGatedAccident/TraffiDent_ContraCosta_2023Q1_100_12_12_gated_accident/895b18270447cef32d32ee42e7bb34f8/test_results,10.761135351778831,20.968340321613656,-0.8519677181388682,9.062703767206715,9.932669790958583,10.762408695350723,12.036689920325369,0.013263708886185555,-0.029520806291863266,0.047755347831031636,0.0056669419186832215,0.015219683308449916,0.01673463154545196,0.01004360661213255
future_onset,"history has no accident, future has accident",3671,0.0014288049570307635,37507,14.366251165993285,26.41520334827809,0.5148861964630534,11.593586839878604,19.83026002739591,0.28018728322164654,3124,13.402794035741469,23.9405719229496,0.8687033114279076,3123,14.430841781938787,26.950989886320976,0.738214274082025,3122,15.865757923930085,29.05578936445624,0.08078903013110009,3132,ContraCosta,STIDGatedAccident,BasicTS/checkpoints/STIDGatedAccident/TraffiDent_ContraCosta_2023Q1_100_12_12_gated_accident/895b18270447cef32d32ee42e7bb34f8/test_results,14.289930244108339,26.37771097856272,0.5376571985615419,11.550214152024742,13.238300131713203,14.430613017402957,15.822356880548508,0.0763209218849461,0.03749236971536973,-0.02277100209848848,0.0433726878538625,0.1644939040282658,0.00022876453583009493,0.0434010433815768
history_only,"history has accident, future has no accident",3674,0.001429972599327438,37510,14.328640422653242,25.532249115486753,-1.4829610201683847,12.054981487545865,21.075754531579275,-0.5479773037428294,3131,13.221404920827847,23.90814493146593,-0.7522121051629892,3130,14.350720097243233,25.922511698185794,-1.3707615260998587,3127,15.904365862436347,28.10270307043257,-2.070447165295649,3119,ContraCosta,STIDGatedAccident,BasicTS/checkpoints/STIDGatedAccident/TraffiDent_ContraCosta_2023Q1_100_12_12_gated_accident/895b18270447cef32d32ee42e7bb34f8/test_results,14.082855394852063,25.123868470221375,-1.0149599760254362,11.910496673047904,13.061997416682138,14.023700026075108,15.80764687829539,0.24578502780117972,0.4083806452653782,-0.4680010441429485,0.1444848144979609,0.15940750414570992,0.3270200711681248,0.09671898414095637
ongoing,history has accident and future has accident,445,0.00017320027400672563,4794,13.837926906797355,25.027049903417947,0.04667164019161729,11.114081544876099,19.084851368988424,0.29904678344726565,400,13.400661890231186,25.266258246390404,-0.7238870266094879,398,14.767734222412109,25.64855201705285,-0.011127948760986328,400,14.746995012861744,25.323745202630068,0.6095499597994009,399,ContraCosta,STIDGatedAccident,BasicTS/checkpoints/STIDGatedAccident/TraffiDent_ContraCosta_2023Q1_100_12_12_gated_accident/895b18270447cef32d32ee42e7bb34f8/test_results,13.601980627105293,24.497568437912886,0.2553515428297212,11.327006816864014,13.203382827528758,14.629290256500244,14.061470605376968,0.23594627969206172,0.5294814655050608,-0.20867990263810393,-0.2129252719879151,0.19727906270242812,0.1384439659118648,0.6855244074847757
post_last_slot,last history slot has accident,664,0.0002584381616639681,6879,14.425634117697644,26.458295535723344,-1.1547163735816846,11.970666189676388,20.942068036746868,0.18663478272123488,573,14.14892462750415,26.669799463943576,-0.670134237596205,572,14.407382719620415,27.08311405355083,-1.6330655437967052,575,15.129725983092834,26.80164300881776,-0.907726007741648,572,ContraCosta,STIDGatedAccident,BasicTS/checkpoints/STIDGatedAccident/TraffiDent_ContraCosta_2023Q1_100_12_12_gated_accident/895b18270447cef32d32ee42e7bb34f8/test_results,14.166630811063264,26.00176051717878,-0.6931363363774784,11.924249519228312,13.94429891092794,14.243482805335004,14.915775565834313,0.25900330663438,0.4565350185445638,-0.46158003720420615,0.0464166704480764,0.20462571657620998,0.16389991428541073,0.2139504172585216
future_any,future window has accident,4116,0.0016020052310374891,42301,14.306375707662099,26.261570044883577,0.461823016215587,11.539159411063395,19.747066025501844,0.28232796589984527,3524,13.40255290721838,24.09407919549993,0.6886831639470515,3521,14.469103532105532,26.806255038116404,0.6531101543073421,3522,15.739338509930459,28.658438121798177,0.1405384503421011,3531,ContraCosta,STIDGatedAccident,BasicTS/checkpoints/STIDGatedAccident/TraffiDent_ContraCosta_2023Q1_100_12_12_gated_accident/895b18270447cef32d32ee42e7bb34f8/test_results,14.211964429020867,26.171420584538367,0.5056632486450111,11.524878433695175,13.234353249400083,14.453176932738357,15.623378186481123,0.09441127864123189,0.09014946034520932,-0.043840232429424086,0.014280977368219538,0.16819965781829715,0.015926599367174887,0.11596032344933604
history_any,history window has accident,4119,0.0016031728733341636,42304,14.27303153970779,25.475502059237392,-1.3096191540428082,11.948394076407581,20.85976629658499,-0.45202446902179744,3531,13.241627302840183,24.065191860143983,-0.7490167163667225,3528,14.398013870676213,25.891587514466142,-1.2165645029377863,3527,15.773100919653029,27.801492284686145,-1.7664905057975417,3518,ContraCosta,STIDGatedAccident,BasicTS/checkpoints/STIDGatedAccident/TraffiDent_ContraCosta_2023Q1_100_12_12_gated_accident/895b18270447cef32d32ee42e7bb34f8/test_results,14.02836136359851,25.053681298353307,-0.8710049230284121,11.844397296111465,13.077947503044491,14.092380856805189,15.60960134340322,0.24467017610927932,0.42182076088408493,-0.438614231014396,0.10399678029611614,0.16367979979569114,0.3056330138710237,0.1634995762498086
